SourceName,MinEntries,MaxEntries,LootTable,TableName,Weight,WeightSum,WeightPercent,AlwaysSpawn
Workbench_Small,1,2,Workbench,LIT_Workbench,200.0,331.1500000022352,60.3956,False
Workbench_Small,1,2,Workbench,LIT_Tools_Uncommon,25.0,331.1500000022352,7.5494,False
Workbench_Small,1,2,Workbench,LIT_Tools_Rare,5.0,331.1500000022352,1.5099,False
Workbench_Small,1,2,Workbench,LIT_Tools_Legendary,0.1,331.1500000022352,0.0302,False
Workbench_Small,1,2,Workbench,LIT_Tools_Epic,1.0,331.1500000022352,0.302,False
Workbench_Small,1,2,Workbench,LIT_Tools_Common,100.0,331.1500000022352,30.1978,False
Workbench_Small,1,2,Workbench,LIT_Recipes_ToolsAll,0.05,331.1500000022352,0.0151,False
Weapon_Ranged_REL,1,1,Weapon_Ranged_REL,LIT_Uncommon_Weap_Rifles,18.75,54.42500000447035,34.4511,False
Weapon_Ranged_REL,1,1,Weapon_Ranged_REL,LIT_Uncommon_Weap_Pistols,25.0,54.42500000447035,45.9348,False
Weapon_Ranged_REL,1,1,Weapon_Ranged_REL,LIT_Rare_Weap_Rifles,3.75,54.42500000447035,6.8902,False
Weapon_Ranged_REL,1,1,Weapon_Ranged_REL,LIT_Rare_Weap_Pistols,5.0,54.42500000447035,9.187,False
Weapon_Ranged_REL,1,1,Weapon_Ranged_REL,LIT_Legendary_Weap_Rifles,0.075,54.42500000447035,0.1378,False
Weapon_Ranged_REL,1,1,Weapon_Ranged_REL,LIT_Legendary_Weap_Pistols,0.1,54.42500000447035,0.1837,False
Weapon_Ranged_REL,1,1,Weapon_Ranged_REL,LIT_Epic_Weap_Rifles,0.75,54.42500000447035,1.378,False
Weapon_Ranged_REL,1,1,Weapon_Ranged_REL,LIT_Epic_Weap_Pistols,1.0,54.42500000447035,1.8374,False
Weapon_Ranged,1,1,Weapon_Ranged,LIT_Rifles_All,75.0,175.0,42.8571,False
Weapon_Ranged,1,1,Weapon_Ranged,LIT_Pistols_All,100.0,175.0,57.1429,False
Weapon_Ranged,1,1,Weapon_Ranged,LIT_Launchers_All,0,175.0,0.0,False
Weapon_Melee_REL,1,1,Weapon_Melee_REL,LIT_2HMelee_Uncommon,18.75,54.42500000447035,34.4511,False
Weapon_Melee_REL,1,1,Weapon_Melee_REL,LIT_2HMelee_Rare,3.75,54.42500000447035,6.8902,False
Weapon_Melee_REL,1,1,Weapon_Melee_REL,LIT_2HMelee_Legendary,0.075,54.42500000447035,0.1378,False
Weapon_Melee_REL,1,1,Weapon_Melee_REL,LIT_2HMelee_Epic,0.75,54.42500000447035,1.378,False
Weapon_Melee_REL,1,1,Weapon_Melee_REL,LIT_1HMelee_Uncommon,25.0,54.42500000447035,45.9348,False
Weapon_Melee_REL,1,1,Weapon_Melee_REL,LIT_1HMelee_Rare,5.0,54.42500000447035,9.187,False
Weapon_Melee_REL,1,1,Weapon_Melee_REL,LIT_1HMelee_Legendary,0.1,54.42500000447035,0.1837,False
Weapon_Melee_REL,1,1,Weapon_Melee_REL,LIT_1HMelee_Epic,1.0,54.42500000447035,1.8374,False
Weapon_Melee,1,1,Weapon_Melee,LIT_2HMelee_All,75.0,175.0,42.8571,False
Weapon_Melee,1,1,Weapon_Melee,LIT_1HMelee_All,100.0,175.0,57.1429,False
Weapon,1,1,Weapon,LIT_Rifles_All,75.0,350.0,21.4286,False
Weapon,1,1,Weapon,LIT_Pistols_All,100.0,350.0,28.5714,False
Weapon,1,1,Weapon,LIT_2HMelee_All,75.0,350.0,21.4286,False
Weapon,1,1,Weapon,LIT_1HMelee_All,100.0,350.0,28.5714,False
ValuablesBox,1,2,ValuablesBox,LIT_ValuablesBox_01a,89.0,100.00000041909516,89.0,False
ValuablesBox,1,2,ValuablesBox,LIT_Recipes_MedsAll,0.06,100.00000041909516,0.06,False
ValuablesBox,1,2,ValuablesBox,LIT_OpiumBox,9.81,100.00000041909516,9.81,False
ValuablesBox,1,2,ValuablesBox,LIT_GlobalItems_05_Legendary,0.1,100.00000041909516,0.1,False
ValuablesBox,1,2,ValuablesBox,LIT_GlobalItems_04_Epic,1.0,100.00000041909516,1.0,False
ValuablesBox,1,2,ValuablesBox,LIT_Cosmetics_All,0.03,100.00000041909516,0.03,False
ToolingBin,2,4,ToolingBin,LIT_Tools_Uncommon,25.0,331.1000000014901,7.5506,False
ToolingBin,2,4,ToolingBin,LIT_Tools_Rare,5.0,331.1000000014901,1.5101,False
ToolingBin,2,4,ToolingBin,LIT_Tools_Legendary,0.1,331.1000000014901,0.0302,False
ToolingBin,2,4,ToolingBin,LIT_Tools_Epic,1.0,331.1000000014901,0.302,False
ToolingBin,2,4,ToolingBin,LIT_Tools_Common,100.0,331.1000000014901,30.2024,False
ToolingBin,2,4,ToolingBin,LIT_ToolingBin,200.0,331.1000000014901,60.4047,False
TinkerCase,2,4,TinkerCase,LIT_Crafting_Artificer_TinkerCase,98.0,100.0,98.0,False
TinkerCase,2,4,TinkerCase,LIT_Crafting_Artificer,2.0,100.0,2.0,False
TEST,1,3,TEST,LIT_TEST,100.0,100.0,100.0,False
Stove,1,2,Stove,LIT_Stove,100.0,103.1110000013141,96.9829,False
Stove,1,2,Stove,LIT_GlobalItems_05_Legendary,0.001,103.1110000013141,0.001,False
Stove,1,2,Stove,LIT_GlobalItems_04_Epic,0.01,103.1110000013141,0.0097,False
Stove,1,2,Stove,LIT_GlobalItems_03_Rare,0.1,103.1110000013141,0.097,False
Stove,1,2,Stove,LIT_GlobalItems_02_Uncommon,1.0,103.1110000013141,0.9698,False
Stove,1,2,Stove,LIT_GlobalItems_01_Common,2.0,103.1110000013141,1.9397,False
SlopBin,2,4,SlopBin,LIT_Crafting_Cook_SlopBin,98.0,100.0,98.0,False
SlopBin,2,4,SlopBin,LIT_Crafting_Cook,2.0,100.0,2.0,False
Shop_Med_A01,1,2,Global,LIT_RecipesLootable_All,0.04,131.160000000149,0.0305,False
Shop_Med_A01,1,2,Global,LIT_GlobalItems_05_Legendary,0.1,131.160000000149,0.0762,False
Shop_Med_A01,1,2,Global,LIT_GlobalItems_04_Epic,1.0,131.160000000149,0.7624,False
Shop_Med_A01,1,2,Global,LIT_GlobalItems_03_Rare,5.0,131.160000000149,3.8121,False
Shop_Med_A01,1,2,Global,LIT_GlobalItems_02_Uncommon,25.0,131.160000000149,19.0607,False
Shop_Med_A01,1,2,Global,LIT_GlobalItems_01_Common,100.0,131.160000000149,76.2428,False
Shop_Med_A01,1,2,Global,LIT_Cosmetics_All,0.02,131.160000000149,0.0152,False
Saddlebag,1,2,Saddlebag,LIT_RecipesLootable_All,0.5,80.05000019073486,0.6246,False
Saddlebag,1,2,Saddlebag,LIT_Pistols_All,6.3,80.05000019073486,7.8701,False
Saddlebag,1,2,Saddlebag,LIT_Ledger_01,40.0,80.05000019073486,49.9688,False
Saddlebag,1,2,Saddlebag,LIT_Keys_Uncommon,20.0,80.05000019073486,24.9844,False
Saddlebag,1,2,Saddlebag,LIT_Keys_Rare,5.0,80.05000019073486,6.2461,False
Saddlebag,1,2,Saddlebag,LIT_Keys_Epic,1.0,80.05000019073486,1.2492,False
Saddlebag,1,2,Saddlebag,LIT_Cosmetics_All,0.25,80.05000019073486,0.3123,False
Saddlebag,1,2,Saddlebag,LIT_Compendium_All,7.0,80.05000019073486,8.7445,False
Sack_Flour,1,2,Sack_Flour,LIT_GlobalItems_05_Legendary,0.001,93.1110000013141,0.0011,False
Sack_Flour,1,2,Sack_Flour,LIT_GlobalItems_04_Epic,0.01,93.1110000013141,0.0107,False
Sack_Flour,1,2,Sack_Flour,LIT_GlobalItems_03_Rare,0.1,93.1110000013141,0.1074,False
Sack_Flour,1,2,Sack_Flour,LIT_GlobalItems_02_Uncommon,1.0,93.1110000013141,1.074,False
Sack_Flour,1,2,Sack_Flour,LIT_GlobalItems_01_Common,2.0,93.1110000013141,2.148,False
Sack_Flour,1,2,Sack_Flour,LIT_FlourBag,90.0,93.1110000013141,96.6588,False
PowderLocker,2,4,PowderLocker,LIT_Crafting_Gunsmith_PowderLocker,98.0,100.0,98.0,False
PowderLocker,2,4,PowderLocker,LIT_Crafting_Gunsmith,2.0,100.0,2.0,False
OpiumBox,1,3,OpiumBox,LIT_Recipes_MedsAll,0.06,101.16000000014901,0.0593,False
OpiumBox,1,3,OpiumBox,LIT_OpiumBox,100.0,101.16000000014901,98.8533,False
OpiumBox,1,3,OpiumBox,LIT_GlobalItems_05_Legendary,0.1,101.16000000014901,0.0989,False
OpiumBox,1,3,OpiumBox,LIT_GlobalItems_04_Epic,1.0,101.16000000014901,0.9885,False
Old_Cairn,1,2,Cairn,LIT_RecipesLootable_All,0.1,110.15000000223517,0.0908,False
Old_Cairn,1,2,Cairn,LIT_Keys_Rare,25.0,110.15000000223517,22.6963,False
Old_Cairn,1,2,Cairn,LIT_Keys_Epic,5.0,110.15000000223517,4.5393,False
Old_Cairn,1,2,Cairn,LIT_Cosmetics_All,0.05,110.15000000223517,0.0454,False
Old_Cairn,1,2,Cairn,LIT_Cairn,80.0,110.15000000223517,72.6282,False
OldSewingBox,1,3,OldSewingBox,LIT_RecipesLootable_All,0.12,210.1799999959767,0.0571,False
OldSewingBox,1,3,OldSewingBox,LIT_Ledger_01,100.0,210.1799999959767,47.5783,False
OldSewingBox,1,3,OldSewingBox,LIT_Keys_All,100.0,210.1799999959767,47.5783,False
OldSewingBox,1,3,OldSewingBox,LIT_Cosmetics_All,0.06,210.1799999959767,0.0285,False
OldSewingBox,1,3,OldSewingBox,LIT_Compendium_All,10.0,210.1799999959767,4.7578,False
OldBucket,1,2,OldBucket,LIT_OldBucket,100.0,100.0,100.0,False
OakBarrel,2,4,OakBarrel,LIT_RecipesLootable_All,0.0006,143.11190000135684,0.0004,False
OakBarrel,2,4,OakBarrel,LIT_OakBarrel_01,100.0,143.11190000135684,69.8754,False
OakBarrel,2,4,OakBarrel,LIT_GlobalItems_05_Legendary,0.001,143.11190000135684,0.0007,False
OakBarrel,2,4,OakBarrel,LIT_GlobalItems_04_Epic,0.01,143.11190000135684,0.007,False
OakBarrel,2,4,OakBarrel,LIT_GlobalItems_03_Rare,0.1,143.11190000135684,0.0699,False
OakBarrel,2,4,OakBarrel,LIT_GlobalItems_02_Uncommon,1.0,143.11190000135684,0.6988,False
OakBarrel,2,4,OakBarrel,LIT_GlobalItems_01_Common,2.0,143.11190000135684,1.3975,False
OakBarrel,2,4,OakBarrel,LIT_Food_All,10.0,143.11190000135684,6.9875,False
OakBarrel,2,4,OakBarrel,LIT_Food,10.0,143.11190000135684,6.9875,False
OakBarrel,2,4,OakBarrel,LIT_Drinks_All,10.0,143.11190000135684,6.9875,False
OakBarrel,2,4,OakBarrel,LIT_Cosmetics_All,0.0003,143.11190000135684,0.0002,False
OakBarrel,2,4,OakBarrel,LIT_Bags_All,10.0,143.11190000135684,6.9875,False
Nest,1,3,Valuables,LIT_Valuables_01,100.0,100.08999999798834,99.9101,False
Nest,1,3,Valuables,LIT_RecipesLootable_All,0.06,100.08999999798834,0.0599,False
Nest,1,3,Valuables,LIT_Cosmetics_All,0.03,100.08999999798834,0.03,False
MissivesCabinet,1,3,Ledger,LIT_RecipesLootable_All,0.5,103.05000019073486,0.4852,False
MissivesCabinet,1,3,Ledger,LIT_Pistols_All,6.3,103.05000019073486,6.1135,False
MissivesCabinet,1,3,Ledger,LIT_Ledger_01,40.0,103.05000019073486,38.8161,False
MissivesCabinet,1,3,Ledger,LIT_Keys_Uncommon,20.0,103.05000019073486,19.4081,False
MissivesCabinet,1,3,Ledger,LIT_Keys_Rare,20.0,103.05000019073486,19.4081,False
MissivesCabinet,1,3,Ledger,LIT_Keys_Epic,6.0,103.05000019073486,5.8224,False
MissivesCabinet,1,3,Ledger,LIT_Cosmetics_All,0.25,103.05000019073486,0.2426,False
MissivesCabinet,1,3,Ledger,LIT_Compendium_All,10.0,103.05000019073486,9.704,False
Military_Small,1,2,Military,LIT_Recipes_WeaponsAmmo,0.004,811.0320000001229,0.0005,False
Military_Small,1,2,Military,LIT_Recipes_ArmourAll,0.004,811.0320000001229,0.0005,False
Military_Small,1,2,Military,LIT_Military_01,730.0,811.0320000001229,90.0088,False
Military_Small,1,2,Military,LIT_GlobalItems_05_Legendary,0.02,811.0320000001229,0.0025,False
Military_Small,1,2,Military,LIT_GlobalItems_04_Epic,1.0,811.0320000001229,0.1233,False
Military_Small,1,2,Military,LIT_GlobalItems_03_Rare,10.0,811.0320000001229,1.233,False
Military_Small,1,2,Military,LIT_GlobalItems_02_Uncommon,30.0,811.0320000001229,3.699,False
Military_Small,1,2,Military,LIT_GlobalItems_01_Common,40.0,811.0320000001229,4.932,False
Military_Small,1,2,Military,LIT_Cosmetics_Weapon_All,0.004,811.0320000001229,0.0005,False
Military_Medium,2,4,Military,LIT_Recipes_WeaponsAmmo,0.004,811.0320000001229,0.0005,False
Military_Medium,2,4,Military,LIT_Recipes_ArmourAll,0.004,811.0320000001229,0.0005,False
Military_Medium,2,4,Military,LIT_Military_01,730.0,811.0320000001229,90.0088,False
Military_Medium,2,4,Military,LIT_GlobalItems_05_Legendary,0.02,811.0320000001229,0.0025,False
Military_Medium,2,4,Military,LIT_GlobalItems_04_Epic,1.0,811.0320000001229,0.1233,False
Military_Medium,2,4,Military,LIT_GlobalItems_03_Rare,10.0,811.0320000001229,1.233,False
Military_Medium,2,4,Military,LIT_GlobalItems_02_Uncommon,30.0,811.0320000001229,3.699,False
Military_Medium,2,4,Military,LIT_GlobalItems_01_Common,40.0,811.0320000001229,4.932,False
Military_Medium,2,4,Military,LIT_Cosmetics_Weapon_All,0.004,811.0320000001229,0.0005,False
Military_Large,3,5,Military,LIT_Recipes_WeaponsAmmo,0.004,811.0320000001229,0.0005,False
Military_Large,3,5,Military,LIT_Recipes_ArmourAll,0.004,811.0320000001229,0.0005,False
Military_Large,3,5,Military,LIT_Military_01,730.0,811.0320000001229,90.0088,False
Military_Large,3,5,Military,LIT_GlobalItems_05_Legendary,0.02,811.0320000001229,0.0025,False
Military_Large,3,5,Military,LIT_GlobalItems_04_Epic,1.0,811.0320000001229,0.1233,False
Military_Large,3,5,Military,LIT_GlobalItems_03_Rare,10.0,811.0320000001229,1.233,False
Military_Large,3,5,Military,LIT_GlobalItems_02_Uncommon,30.0,811.0320000001229,3.699,False
Military_Large,3,5,Military,LIT_GlobalItems_01_Common,40.0,811.0320000001229,4.932,False
Military_Large,3,5,Military,LIT_Cosmetics_Weapon_All,0.004,811.0320000001229,0.0005,False
Medical_UREL_Medium,1,3,Medical_UREL,LIT_Recipes_MedsAll,0.06,131.160000000149,0.0457,False
Medical_UREL_Medium,1,3,Medical_UREL,LIT_Medicine_Uncommon,25.0,131.160000000149,19.0607,False
Medical_UREL_Medium,1,3,Medical_UREL,LIT_Medicine_Rare,5.0,131.160000000149,3.8121,False
Medical_UREL_Medium,1,3,Medical_UREL,LIT_Medicine_Legendary,0.1,131.160000000149,0.0762,False
Medical_UREL_Medium,1,3,Medical_UREL,LIT_Medicine_Epic,1.0,131.160000000149,0.7624,False
Medical_UREL_Medium,1,3,Medical_UREL,LIT_Medicine_Crafting,50.0,131.160000000149,38.1214,False
Medical_UREL_Medium,1,3,Medical_UREL,LIT_AlchemySupplies,50.0,131.160000000149,38.1214,False
Medical_Medium,1,3,Medical,LIT_Recipes_MedsAll,0.06,181.160000000149,0.0331,False
Medical_Medium,1,3,Medical,LIT_Medicine_Uncommon,25.0,181.160000000149,13.8,False
Medical_Medium,1,3,Medical,LIT_Medicine_Rare,5.0,181.160000000149,2.76,False
Medical_Medium,1,3,Medical,LIT_Medicine_Legendary,0.1,181.160000000149,0.0552,False
Medical_Medium,1,3,Medical,LIT_Medicine_Epic,1.0,181.160000000149,0.552,False
Medical_Medium,1,3,Medical,LIT_Medicine_Crafting,50.0,181.160000000149,27.5999,False
Medical_Medium,1,3,Medical,LIT_Medicine_Common,100.0,181.160000000149,55.1998,False
MedicalPhysicianDreg,1,2,MedicalPhysicianDreg,LIT_Recipes_MedsAll,1.0,47.0,2.1277,False
MedicalPhysicianDreg,1,2,MedicalPhysicianDreg,LIT_Medicine_Rare,40.0,47.0,85.1064,False
MedicalPhysicianDreg,1,2,MedicalPhysicianDreg,LIT_Medicine_Legendary,1.0,47.0,2.1277,False
MedicalPhysicianDreg,1,2,MedicalPhysicianDreg,LIT_Medicine_Epic,5.0,47.0,10.6383,False
MannequinTrunk,2,4,MannequinTrunk,LIT_Crafting_Artificer_TinkerCase,98.0,100.0,98.0,False
MannequinTrunk,2,4,MannequinTrunk,LIT_Crafting_Artificer,2.0,100.0,2.0,False
M02_Boss,5,8,Boss_M02,LIT_Boss_M02,100.0,100.0,100.0,False
Ledger,1,3,Ledger,LIT_RecipesLootable_All,0.5,103.05000019073486,0.4852,False
Ledger,1,3,Ledger,LIT_Pistols_All,6.3,103.05000019073486,6.1135,False
Ledger,1,3,Ledger,LIT_Ledger_01,40.0,103.05000019073486,38.8161,False
Ledger,1,3,Ledger,LIT_Keys_Uncommon,20.0,103.05000019073486,19.4081,False
Ledger,1,3,Ledger,LIT_Keys_Rare,20.0,103.05000019073486,19.4081,False
Ledger,1,3,Ledger,LIT_Keys_Epic,6.0,103.05000019073486,5.8224,False
Ledger,1,3,Ledger,LIT_Cosmetics_All,0.25,103.05000019073486,0.2426,False
Ledger,1,3,Ledger,LIT_Compendium_All,10.0,103.05000019073486,9.704,False
Latrine,1,4,Latrine,LIT_RecipesLootable_All,0.0006,103.11190000135684,0.0006,False
Latrine,1,4,Latrine,LIT_Latrine,100.0,103.11190000135684,96.982,False
Latrine,1,4,Latrine,LIT_GlobalItems_05_Legendary,0.001,103.11190000135684,0.001,False
Latrine,1,4,Latrine,LIT_GlobalItems_04_Epic,0.01,103.11190000135684,0.0097,False
Latrine,1,4,Latrine,LIT_GlobalItems_03_Rare,0.1,103.11190000135684,0.097,False
Latrine,1,4,Latrine,LIT_GlobalItems_02_Uncommon,1.0,103.11190000135684,0.9698,False
Latrine,1,4,Latrine,LIT_GlobalItems_01_Common,2.0,103.11190000135684,1.9396,False
Latrine,1,4,Latrine,LIT_Cosmetics_All,0.0003,103.11190000135684,0.0003,False
KindlingPile,1,3,KindlingPile,LIT_RecipesLootable_All,0.0006,103.11190000135684,0.0006,False
KindlingPile,1,3,KindlingPile,LIT_KindlingPile,100.0,103.11190000135684,96.982,False
KindlingPile,1,3,KindlingPile,LIT_GlobalItems_05_Legendary,0.001,103.11190000135684,0.001,False
KindlingPile,1,3,KindlingPile,LIT_GlobalItems_04_Epic,0.01,103.11190000135684,0.0097,False
KindlingPile,1,3,KindlingPile,LIT_GlobalItems_03_Rare,0.1,103.11190000135684,0.097,False
KindlingPile,1,3,KindlingPile,LIT_GlobalItems_02_Uncommon,1.0,103.11190000135684,0.9698,False
KindlingPile,1,3,KindlingPile,LIT_GlobalItems_01_Common,2.0,103.11190000135684,1.9396,False
KindlingPile,1,3,KindlingPile,LIT_Cosmetics_All,0.0003,103.11190000135684,0.0003,False
Hunger_Womb,1,2,Hunger_Womb,LIT_Womb_01,100.0,231.18999999947846,43.2545,False
Hunger_Womb,1,2,Hunger_Womb,LIT_RecipesLootable_All,0.06,231.18999999947846,0.026,False
Hunger_Womb,1,2,Hunger_Womb,LIT_GlobalItems_05_Legendary,0.1,231.18999999947846,0.0433,False
Hunger_Womb,1,2,Hunger_Womb,LIT_GlobalItems_04_Epic,1.0,231.18999999947846,0.4325,False
Hunger_Womb,1,2,Hunger_Womb,LIT_GlobalItems_03_Rare,5.0,231.18999999947846,2.1627,False
Hunger_Womb,1,2,Hunger_Womb,LIT_GlobalItems_02_Uncommon,25.0,231.18999999947846,10.8136,False
Hunger_Womb,1,2,Hunger_Womb,LIT_GlobalItems_01_Common,100.0,231.18999999947846,43.2545,False
Hunger_Womb,1,2,Hunger_Womb,LIT_Cosmetics_All,0.03,231.18999999947846,0.013,False
Hunger_Waif,1,2,Hunger_Waif,LIT_Waif_01,100.0,231.18999999947846,43.2545,False
Hunger_Waif,1,2,Hunger_Waif,LIT_RecipesLootable_All,0.06,231.18999999947846,0.026,False
Hunger_Waif,1,2,Hunger_Waif,LIT_GlobalItems_05_Legendary,0.1,231.18999999947846,0.0433,False
Hunger_Waif,1,2,Hunger_Waif,LIT_GlobalItems_04_Epic,1.0,231.18999999947846,0.4325,False
Hunger_Waif,1,2,Hunger_Waif,LIT_GlobalItems_03_Rare,5.0,231.18999999947846,2.1627,False
Hunger_Waif,1,2,Hunger_Waif,LIT_GlobalItems_02_Uncommon,25.0,231.18999999947846,10.8136,False
Hunger_Waif,1,2,Hunger_Waif,LIT_GlobalItems_01_Common,100.0,231.18999999947846,43.2545,False
Hunger_Waif,1,2,Hunger_Waif,LIT_Cosmetics_All,0.03,231.18999999947846,0.013,False
Hunger_Shambler,1,3,Hunger_Shambler,LIT_Shambler_01,25.0,56.16000000014901,44.5157,False
Hunger_Shambler,1,3,Hunger_Shambler,LIT_RecipesLootable_All,0.04,56.16000000014901,0.0712,False
Hunger_Shambler,1,3,Hunger_Shambler,LIT_GlobalItems_05_Legendary,0.1,56.16000000014901,0.1781,False
Hunger_Shambler,1,3,Hunger_Shambler,LIT_GlobalItems_04_Epic,1.0,56.16000000014901,1.7806,False
Hunger_Shambler,1,3,Hunger_Shambler,LIT_GlobalItems_03_Rare,5.0,56.16000000014901,8.9031,False
Hunger_Shambler,1,3,Hunger_Shambler,LIT_GlobalItems_02_Uncommon,25.0,56.16000000014901,44.5157,False
Hunger_Shambler,1,3,Hunger_Shambler,LIT_Cosmetics_All,0.02,56.16000000014901,0.0356,False
Hunger_Howler,1,2,Hunger_Howler,LIT_RecipesLootable_All,0.06,231.18999999947846,0.026,False
Hunger_Howler,1,2,Hunger_Howler,LIT_Howler_01,100.0,231.18999999947846,43.2545,False
Hunger_Howler,1,2,Hunger_Howler,LIT_GlobalItems_05_Legendary,0.1,231.18999999947846,0.0433,False
Hunger_Howler,1,2,Hunger_Howler,LIT_GlobalItems_04_Epic,1.0,231.18999999947846,0.4325,False
Hunger_Howler,1,2,Hunger_Howler,LIT_GlobalItems_03_Rare,5.0,231.18999999947846,2.1627,False
Hunger_Howler,1,2,Hunger_Howler,LIT_GlobalItems_02_Uncommon,25.0,231.18999999947846,10.8136,False
Hunger_Howler,1,2,Hunger_Howler,LIT_GlobalItems_01_Common,100.0,231.18999999947846,43.2545,False
Hunger_Howler,1,2,Hunger_Howler,LIT_Cosmetics_All,0.03,231.18999999947846,0.013,False
Hunger_DregFarmerUnique,1,1,Hunger_FarmerDregUnique,LIT_FarmerDregUnique,100.0,100.0,100.0,False
Hunger_Dreg,1,2,Hunger_Dreg,LIT_RecipesLootable_All,0.02,233.67692077718675,0.0086,False
Hunger_Dreg,1,2,Hunger_Dreg,LIT_GlobalItems_05_Legendary,0.1,233.67692077718675,0.0428,False
Hunger_Dreg,1,2,Hunger_Dreg,LIT_GlobalItems_04_Epic,1.0,233.67692077718675,0.4279,False
Hunger_Dreg,1,2,Hunger_Dreg,LIT_GlobalItems_03_Rare,5.0,233.67692077718675,2.1397,False
Hunger_Dreg,1,2,Hunger_Dreg,LIT_GlobalItems_02_Uncommon,25.0,233.67692077718675,10.6985,False
Hunger_Dreg,1,2,Hunger_Dreg,LIT_GlobalItems_01_Common,100.0,233.67692077718675,42.7941,False
Hunger_Dreg,1,2,Hunger_Dreg,LIT_Dreg_01,102.54692,233.67692077718675,43.8841,False
Hunger_Dreg,1,2,Hunger_Dreg,LIT_Cosmetics_All,0.01,233.67692077718675,0.0043,False
Hunger_Brute_Elite,2,3,Hunger_Brute_Elite,LIT_RecipesLootable_All,0.1,100.00000001490116,0.1,False
Hunger_Brute_Elite,2,3,Hunger_Brute_Elite,LIT_GlobalItems_05_Legendary,0.36,100.00000001490116,0.36,False
Hunger_Brute_Elite,2,3,Hunger_Brute_Elite,LIT_GlobalItems_04_Epic,1.5,100.00000001490116,1.5,False
Hunger_Brute_Elite,2,3,Hunger_Brute_Elite,LIT_Cosmetics_All,0.04,100.00000001490116,0.04,False
Hunger_Brute_Elite,2,3,Hunger_Brute_Elite,LIT_Brute_Elite,98.0,100.00000001490116,98.0,False
Hunger_Brute,2,3,Hunger_Brute,LIT_RecipesLootable_All,0.06,11.18999999947846,0.5362,False
Hunger_Brute,2,3,Hunger_Brute,LIT_GlobalItems_05_Legendary,0.1,11.18999999947846,0.8937,False
Hunger_Brute,2,3,Hunger_Brute,LIT_GlobalItems_04_Epic,1.0,11.18999999947846,8.9366,False
Hunger_Brute,2,3,Hunger_Brute,LIT_GlobalItems_03_Rare,5.0,11.18999999947846,44.6828,False
Hunger_Brute,2,3,Hunger_Brute,LIT_Cosmetics_All,0.03,11.18999999947846,0.2681,False
Hunger_Brute,2,3,Hunger_Brute,LIT_Brute_01,5.0,11.18999999947846,44.6828,False
Hunger_Bloat,1,2,Hunger_Bloat,LIT_RecipesLootable_All,0.06,86.18999999947846,0.0696,False
Hunger_Bloat,1,2,Hunger_Bloat,LIT_GlobalItems_05_Legendary,0.1,86.18999999947846,0.116,False
Hunger_Bloat,1,2,Hunger_Bloat,LIT_GlobalItems_04_Epic,1.0,86.18999999947846,1.1602,False
Hunger_Bloat,1,2,Hunger_Bloat,LIT_GlobalItems_03_Rare,5.0,86.18999999947846,5.8011,False
Hunger_Bloat,1,2,Hunger_Bloat,LIT_GlobalItems_02_Uncommon,40.0,86.18999999947846,46.4091,False
Hunger_Bloat,1,2,Hunger_Bloat,LIT_Cosmetics_All,0.03,86.18999999947846,0.0348,False
Hunger_Bloat,1,2,Hunger_Bloat,LIT_Bloat_01,40.0,86.18999999947846,46.4091,False
Hunger_Biter_Elite,2,3,Hunger_Biter_Elite,LIT_RecipesLootable_All,0.1,100.00000001490116,0.1,False
Hunger_Biter_Elite,2,3,Hunger_Biter_Elite,LIT_GlobalItems_05_Legendary,0.36,100.00000001490116,0.36,False
Hunger_Biter_Elite,2,3,Hunger_Biter_Elite,LIT_GlobalItems_04_Epic,1.5,100.00000001490116,1.5,False
Hunger_Biter_Elite,2,3,Hunger_Biter_Elite,LIT_Cosmetics_All,0.04,100.00000001490116,0.04,False
Hunger_Biter_Elite,2,3,Hunger_Biter_Elite,LIT_Biter_Elite,98.0,100.00000001490116,98.0,False
Hunger_Biter,2,3,Hunger_Biter,LIT_RecipesLootable_All,0.06,11.18999999947846,0.5362,False
Hunger_Biter,2,3,Hunger_Biter,LIT_GlobalItems_05_Legendary,0.1,11.18999999947846,0.8937,False
Hunger_Biter,2,3,Hunger_Biter,LIT_GlobalItems_04_Epic,1.0,11.18999999947846,8.9366,False
Hunger_Biter,2,3,Hunger_Biter,LIT_GlobalItems_03_Rare,5.0,11.18999999947846,44.6828,False
Hunger_Biter,2,3,Hunger_Biter,LIT_Cosmetics_All,0.03,11.18999999947846,0.2681,False
Hunger_Biter,2,3,Hunger_Biter,LIT_Biter_01,5.0,11.18999999947846,44.6828,False
Hunger_Ash,1,2,Hunger_Ash,LIT_RecipesLootable_All,0.06,231.18999999947846,0.026,False
Hunger_Ash,1,2,Hunger_Ash,LIT_GlobalItems_05_Legendary,0.1,231.18999999947846,0.0433,False
Hunger_Ash,1,2,Hunger_Ash,LIT_GlobalItems_04_Epic,1.0,231.18999999947846,0.4325,False
Hunger_Ash,1,2,Hunger_Ash,LIT_GlobalItems_03_Rare,5.0,231.18999999947846,2.1627,False
Hunger_Ash,1,2,Hunger_Ash,LIT_GlobalItems_02_Uncommon,25.0,231.18999999947846,10.8136,False
Hunger_Ash,1,2,Hunger_Ash,LIT_GlobalItems_01_Common,100.0,231.18999999947846,43.2545,False
Hunger_Ash,1,2,Hunger_Ash,LIT_Cosmetics_All,0.03,231.18999999947846,0.013,False
Hunger_Ash,1,2,Hunger_Ash,LIT_Ash_01,100.0,231.18999999947846,43.2545,False
HighClassCiv_Small,1,2,HighClassCiv,LIT_RecipesLootable_All,0.02,103.86000001057982,0.0193,False
HighClassCiv_Small,1,2,HighClassCiv,LIT_HighClassCiv,92.0,103.86000001057982,88.5808,False
HighClassCiv_Small,1,2,HighClassCiv,LIT_GlobalItems_05_Legendary,0.03,103.86000001057982,0.0289,False
HighClassCiv_Small,1,2,HighClassCiv,LIT_GlobalItems_04_Epic,0.3,103.86000001057982,0.2889,False
HighClassCiv_Small,1,2,HighClassCiv,LIT_GlobalItems_03_Rare,1.5,103.86000001057982,1.4443,False
HighClassCiv_Small,1,2,HighClassCiv,LIT_GlobalItems_02_Uncommon,10.0,103.86000001057982,9.6283,False
HighClassCiv_Small,1,2,HighClassCiv,LIT_Cosmetics_All,0.01,103.86000001057982,0.0096,False
HighClassCiv_Medium,2,4,HighClassCiv,LIT_RecipesLootable_All,0.02,103.86000001057982,0.0193,False
HighClassCiv_Medium,2,4,HighClassCiv,LIT_HighClassCiv,92.0,103.86000001057982,88.5808,False
HighClassCiv_Medium,2,4,HighClassCiv,LIT_GlobalItems_05_Legendary,0.03,103.86000001057982,0.0289,False
HighClassCiv_Medium,2,4,HighClassCiv,LIT_GlobalItems_04_Epic,0.3,103.86000001057982,0.2889,False
HighClassCiv_Medium,2,4,HighClassCiv,LIT_GlobalItems_03_Rare,1.5,103.86000001057982,1.4443,False
HighClassCiv_Medium,2,4,HighClassCiv,LIT_GlobalItems_02_Uncommon,10.0,103.86000001057982,9.6283,False
HighClassCiv_Medium,2,4,HighClassCiv,LIT_Cosmetics_All,0.01,103.86000001057982,0.0096,False
HighClassCiv_Large,3,5,HighClassCiv,LIT_RecipesLootable_All,0.02,103.86000001057982,0.0193,False
HighClassCiv_Large,3,5,HighClassCiv,LIT_HighClassCiv,92.0,103.86000001057982,88.5808,False
HighClassCiv_Large,3,5,HighClassCiv,LIT_GlobalItems_05_Legendary,0.03,103.86000001057982,0.0289,False
HighClassCiv_Large,3,5,HighClassCiv,LIT_GlobalItems_04_Epic,0.3,103.86000001057982,0.2889,False
HighClassCiv_Large,3,5,HighClassCiv,LIT_GlobalItems_03_Rare,1.5,103.86000001057982,1.4443,False
HighClassCiv_Large,3,5,HighClassCiv,LIT_GlobalItems_02_Uncommon,10.0,103.86000001057982,9.6283,False
HighClassCiv_Large,3,5,HighClassCiv,LIT_Cosmetics_All,0.01,103.86000001057982,0.0096,False
Grave_Medium,1,4,Graveyard,LIT_Grave,730.0,811.019999999553,90.0101,False
Grave_Medium,1,4,Graveyard,LIT_GlobalItems_05_Legendary,0.02,811.019999999553,0.0025,False
Grave_Medium,1,4,Graveyard,LIT_GlobalItems_04_Epic,1.0,811.019999999553,0.1233,False
Grave_Medium,1,4,Graveyard,LIT_GlobalItems_03_Rare,10.0,811.019999999553,1.233,False
Grave_Medium,1,4,Graveyard,LIT_GlobalItems_02_Uncommon,30.0,811.019999999553,3.699,False
Grave_Medium,1,4,Graveyard,LIT_GlobalItems_01_Common,40.0,811.019999999553,4.9321,False
Grave_Large,1,5,Graveyard,LIT_Grave,730.0,811.019999999553,90.0101,False
Grave_Large,1,5,Graveyard,LIT_GlobalItems_05_Legendary,0.02,811.019999999553,0.0025,False
Grave_Large,1,5,Graveyard,LIT_GlobalItems_04_Epic,1.0,811.019999999553,0.1233,False
Grave_Large,1,5,Graveyard,LIT_GlobalItems_03_Rare,10.0,811.019999999553,1.233,False
Grave_Large,1,5,Graveyard,LIT_GlobalItems_02_Uncommon,30.0,811.019999999553,3.699,False
Grave_Large,1,5,Graveyard,LIT_GlobalItems_01_Common,40.0,811.019999999553,4.9321,False
Generic_Global_Medium,2,4,Generic,LIT_GlobalItems_05_Legendary,0.02,811.019999999553,0.0025,False
Generic_Global_Medium,2,4,Generic,LIT_GlobalItems_04_Epic,1.0,811.019999999553,0.1233,False
Generic_Global_Medium,2,4,Generic,LIT_GlobalItems_03_Rare,10.0,811.019999999553,1.233,False
Generic_Global_Medium,2,4,Generic,LIT_GlobalItems_02_Uncommon,30.0,811.019999999553,3.699,False
Generic_Global_Medium,2,4,Generic,LIT_GlobalItems_01_Common,40.0,811.019999999553,4.9321,False
Generic_Global_Medium,2,4,Generic,LIT_Generic_01,730.0,811.019999999553,90.0101,False
FargothStump,1,1,FargothStump,LIT_FargothStump,100.0,100.0,100.0,False
FancySewingBox,1,3,FancySewingBox,LIT_Ledger_01,100.0,210.20000099390745,47.5737,False
FancySewingBox,1,3,FancySewingBox,LIT_Keys_All,100.0,210.20000099390745,47.5737,False
FancySewingBox,1,3,FancySewingBox,LIT_Cosmetics_Weapon_All,0.066667,210.20000099390745,0.0317,False
FancySewingBox,1,3,FancySewingBox,LIT_Cosmetics_Characters_All,0.066667,210.20000099390745,0.0317,False
FancySewingBox,1,3,FancySewingBox,LIT_Cosmetics_Bags_All,0.066667,210.20000099390745,0.0317,False
FancySewingBox,1,3,FancySewingBox,LIT_Compendium_All,10.0,210.20000099390745,4.7574,False
Dungeon_M03,3,6,Dungeon_M03,LIT_Dungeon_M03,100.0,100.0,100.0,False
Dungeon_M02,3,6,Dungeon_M02,LIT_Dungeon_M02,100.0,100.0,100.0,False
Dungeon_M01,3,6,Dungeon_M01,LIT_Dungeon_M01,100.0,100.0,100.0,False
Distillery_Small,1,1,Drinks,LIT_Drinks_All,60.0,100.0,60.0,False
Distillery_Small,1,1,Drinks,LIT_Distillery_01,40.0,100.0,40.0,False
Corpse_Peasant,1,3,Civilian,LIT_RecipesLootable_All,0.06,781.179999999702,0.0077,False
Corpse_Peasant,1,3,Civilian,LIT_GlobalItems_05_Legendary,0.1,781.179999999702,0.0128,False
Corpse_Peasant,1,3,Civilian,LIT_GlobalItems_04_Epic,1.0,781.179999999702,0.128,False
Corpse_Peasant,1,3,Civilian,LIT_GlobalItems_03_Rare,5.0,781.179999999702,0.6401,False
Corpse_Peasant,1,3,Civilian,LIT_GlobalItems_02_Uncommon,25.0,781.179999999702,3.2003,False
Corpse_Peasant,1,3,Civilian,LIT_GlobalItems_01_Common,100.0,781.179999999702,12.8011,False
Corpse_Peasant,1,3,Civilian,LIT_Cosmetics_All,0.02,781.179999999702,0.0026,False
Corpse_Peasant,1,3,Civilian,LIT_Civilian_01,650.0,781.179999999702,83.2075,False
Corpse_Military,1,3,Military,LIT_Recipes_WeaponsAmmo,0.004,811.0320000001229,0.0005,False
Corpse_Military,1,3,Military,LIT_Recipes_ArmourAll,0.004,811.0320000001229,0.0005,False
Corpse_Military,1,3,Military,LIT_Military_01,730.0,811.0320000001229,90.0088,False
Corpse_Military,1,3,Military,LIT_GlobalItems_05_Legendary,0.02,811.0320000001229,0.0025,False
Corpse_Military,1,3,Military,LIT_GlobalItems_04_Epic,1.0,811.0320000001229,0.1233,False
Corpse_Military,1,3,Military,LIT_GlobalItems_03_Rare,10.0,811.0320000001229,1.233,False
Corpse_Military,1,3,Military,LIT_GlobalItems_02_Uncommon,30.0,811.0320000001229,3.699,False
Corpse_Military,1,3,Military,LIT_GlobalItems_01_Common,40.0,811.0320000001229,4.932,False
Corpse_Military,1,3,Military,LIT_Cosmetics_Weapon_All,0.004,811.0320000001229,0.0005,False
Corpse_Gavroche,2,3,Corpse_Gavroche,LIT_Key_Gavroche,100.0,131.10000000149012,76.2777,True
Corpse_Gavroche,2,3,Corpse_Gavroche,LIT_GlobalItems_05_Legendary,0.1,131.10000000149012,0.0763,False
Corpse_Gavroche,2,3,Corpse_Gavroche,LIT_GlobalItems_04_Epic,1.0,131.10000000149012,0.7628,False
Corpse_Gavroche,2,3,Corpse_Gavroche,LIT_GlobalItems_03_Rare,5.0,131.10000000149012,3.8139,False
Corpse_Gavroche,2,3,Corpse_Gavroche,LIT_GlobalItems_02_Uncommon,25.0,131.10000000149012,19.0694,False
Corpse_Gavroche,2,3,Corpse_Gavroche,LIT_GlobalItems_01_Common,100.0,131.10000000149012,76.2777,False
Coffin,1,2,Global,LIT_RecipesLootable_All,0.04,131.160000000149,0.0305,False
Coffin,1,2,Global,LIT_GlobalItems_05_Legendary,0.1,131.160000000149,0.0762,False
Coffin,1,2,Global,LIT_GlobalItems_04_Epic,1.0,131.160000000149,0.7624,False
Coffin,1,2,Global,LIT_GlobalItems_03_Rare,5.0,131.160000000149,3.8121,False
Coffin,1,2,Global,LIT_GlobalItems_02_Uncommon,25.0,131.160000000149,19.0607,False
Coffin,1,2,Global,LIT_GlobalItems_01_Common,100.0,131.160000000149,76.2428,False
Coffin,1,2,Global,LIT_Cosmetics_All,0.02,131.160000000149,0.0152,False
Clothes,1,3,Clothes,LIT_Recipes_BagsAll,0.02,130.0499999988824,0.0154,False
Clothes,1,3,Clothes,LIT_Recipes_ArmourAll,0.02,130.0499999988824,0.0154,False
Clothes,1,3,Clothes,LIT_Keys_All,25.0,130.0499999988824,19.2234,False
Clothes,1,3,Clothes,LIT_Cosmetics_All,0.01,130.0499999988824,0.0077,False
Clothes,1,3,Clothes,LIT_Compendium_All,5.0,130.0499999988824,3.8447,False
Clothes,1,3,Clothes,LIT_Clothes_01,100.0,130.0499999988824,76.8935,False
Civilian_Small,1,2,Civilian,LIT_RecipesLootable_All,0.06,781.179999999702,0.0077,False
Civilian_Small,1,2,Civilian,LIT_GlobalItems_05_Legendary,0.1,781.179999999702,0.0128,False
Civilian_Small,1,2,Civilian,LIT_GlobalItems_04_Epic,1.0,781.179999999702,0.128,False
Civilian_Small,1,2,Civilian,LIT_GlobalItems_03_Rare,5.0,781.179999999702,0.6401,False
Civilian_Small,1,2,Civilian,LIT_GlobalItems_02_Uncommon,25.0,781.179999999702,3.2003,False
Civilian_Small,1,2,Civilian,LIT_GlobalItems_01_Common,100.0,781.179999999702,12.8011,False
Civilian_Small,1,2,Civilian,LIT_Cosmetics_All,0.02,781.179999999702,0.0026,False
Civilian_Small,1,2,Civilian,LIT_Civilian_01,650.0,781.179999999702,83.2075,False
Civilian_Medium,2,4,Civilian,LIT_RecipesLootable_All,0.06,781.179999999702,0.0077,False
Civilian_Medium,2,4,Civilian,LIT_GlobalItems_05_Legendary,0.1,781.179999999702,0.0128,False
Civilian_Medium,2,4,Civilian,LIT_GlobalItems_04_Epic,1.0,781.179999999702,0.128,False
Civilian_Medium,2,4,Civilian,LIT_GlobalItems_03_Rare,5.0,781.179999999702,0.6401,False
Civilian_Medium,2,4,Civilian,LIT_GlobalItems_02_Uncommon,25.0,781.179999999702,3.2003,False
Civilian_Medium,2,4,Civilian,LIT_GlobalItems_01_Common,100.0,781.179999999702,12.8011,False
Civilian_Medium,2,4,Civilian,LIT_Cosmetics_All,0.02,781.179999999702,0.0026,False
Civilian_Medium,2,4,Civilian,LIT_Civilian_01,650.0,781.179999999702,83.2075,False
Civilian_Large,3,5,Civilian,LIT_RecipesLootable_All,0.06,781.179999999702,0.0077,False
Civilian_Large,3,5,Civilian,LIT_GlobalItems_05_Legendary,0.1,781.179999999702,0.0128,False
Civilian_Large,3,5,Civilian,LIT_GlobalItems_04_Epic,1.0,781.179999999702,0.128,False
Civilian_Large,3,5,Civilian,LIT_GlobalItems_03_Rare,5.0,781.179999999702,0.6401,False
Civilian_Large,3,5,Civilian,LIT_GlobalItems_02_Uncommon,25.0,781.179999999702,3.2003,False
Civilian_Large,3,5,Civilian,LIT_GlobalItems_01_Common,100.0,781.179999999702,12.8011,False
Civilian_Large,3,5,Civilian,LIT_Cosmetics_All,0.02,781.179999999702,0.0026,False
Civilian_Large,3,5,Civilian,LIT_Civilian_01,650.0,781.179999999702,83.2075,False
CivilianDresser_Small,1,2,CivilianDresser,LIT_RecipesLootable_All,0.04,100.66000000014901,0.0397,False
CivilianDresser_Small,1,2,CivilianDresser,LIT_GlobalItems_05_Legendary,0.1,100.66000000014901,0.0993,False
CivilianDresser_Small,1,2,CivilianDresser,LIT_GlobalItems_04_Epic,1.0,100.66000000014901,0.9934,False
CivilianDresser_Small,1,2,CivilianDresser,LIT_GlobalItems_03_Rare,1.5,100.66000000014901,1.4902,False
CivilianDresser_Small,1,2,CivilianDresser,LIT_GlobalItems_02_Uncommon,3.0,100.66000000014901,2.9803,False
CivilianDresser_Small,1,2,CivilianDresser,LIT_GlobalItems_01_Common,5.0,100.66000000014901,4.9672,False
CivilianDresser_Small,1,2,CivilianDresser,LIT_Cosmetics_All,0.02,100.66000000014901,0.0199,False
CivilianDresser_Small,1,2,CivilianDresser,LIT_CivilianDresser,80.0,100.66000000014901,79.4755,False
CivilianDresser_Small,1,2,CivilianDresser,LIT_Bags_All,10.0,100.66000000014901,9.9344,False
CivilianDresser_Medium,2,4,CivilianDresser,LIT_RecipesLootable_All,0.04,100.66000000014901,0.0397,False
CivilianDresser_Medium,2,4,CivilianDresser,LIT_GlobalItems_05_Legendary,0.1,100.66000000014901,0.0993,False
CivilianDresser_Medium,2,4,CivilianDresser,LIT_GlobalItems_04_Epic,1.0,100.66000000014901,0.9934,False
CivilianDresser_Medium,2,4,CivilianDresser,LIT_GlobalItems_03_Rare,1.5,100.66000000014901,1.4902,False
CivilianDresser_Medium,2,4,CivilianDresser,LIT_GlobalItems_02_Uncommon,3.0,100.66000000014901,2.9803,False
CivilianDresser_Medium,2,4,CivilianDresser,LIT_GlobalItems_01_Common,5.0,100.66000000014901,4.9672,False
CivilianDresser_Medium,2,4,CivilianDresser,LIT_Cosmetics_All,0.02,100.66000000014901,0.0199,False
CivilianDresser_Medium,2,4,CivilianDresser,LIT_CivilianDresser,80.0,100.66000000014901,79.4755,False
CivilianDresser_Medium,2,4,CivilianDresser,LIT_Bags_All,10.0,100.66000000014901,9.9344,False
CivilianDresser_Large,3,5,CivilianDresser,LIT_RecipesLootable_All,0.04,100.66000000014901,0.0397,False
CivilianDresser_Large,3,5,CivilianDresser,LIT_GlobalItems_05_Legendary,0.1,100.66000000014901,0.0993,False
CivilianDresser_Large,3,5,CivilianDresser,LIT_GlobalItems_04_Epic,1.0,100.66000000014901,0.9934,False
CivilianDresser_Large,3,5,CivilianDresser,LIT_GlobalItems_03_Rare,1.5,100.66000000014901,1.4902,False
CivilianDresser_Large,3,5,CivilianDresser,LIT_GlobalItems_02_Uncommon,3.0,100.66000000014901,2.9803,False
CivilianDresser_Large,3,5,CivilianDresser,LIT_GlobalItems_01_Common,5.0,100.66000000014901,4.9672,False
CivilianDresser_Large,3,5,CivilianDresser,LIT_Cosmetics_All,0.02,100.66000000014901,0.0199,False
CivilianDresser_Large,3,5,CivilianDresser,LIT_CivilianDresser,80.0,100.66000000014901,79.4755,False
CivilianDresser_Large,3,5,CivilianDresser,LIT_Bags_All,10.0,100.66000000014901,9.9344,False
CivilianCupboard_Small,1,2,CivilianCupboard,LIT_RecipesLootable_All,0.06,190.68999999947846,0.0315,False
CivilianCupboard_Small,1,2,CivilianCupboard,LIT_GlobalItems_05_Legendary,0.1,190.68999999947846,0.0524,False
CivilianCupboard_Small,1,2,CivilianCupboard,LIT_GlobalItems_04_Epic,1.0,190.68999999947846,0.5244,False
CivilianCupboard_Small,1,2,CivilianCupboard,LIT_GlobalItems_03_Rare,1.5,190.68999999947846,0.7866,False
CivilianCupboard_Small,1,2,CivilianCupboard,LIT_GlobalItems_02_Uncommon,3.0,190.68999999947846,1.5732,False
CivilianCupboard_Small,1,2,CivilianCupboard,LIT_GlobalItems_01_Common,5.0,190.68999999947846,2.6221,False
CivilianCupboard_Small,1,2,CivilianCupboard,LIT_Food_All,40.0,190.68999999947846,20.9765,False
CivilianCupboard_Small,1,2,CivilianCupboard,LIT_Drinks_All,40.0,190.68999999947846,20.9765,False
CivilianCupboard_Small,1,2,CivilianCupboard,LIT_Cosmetics_All,0.03,190.68999999947846,0.0157,False
CivilianCupboard_Small,1,2,CivilianCupboard,LIT_CivilianCupboard,100.0,190.68999999947846,52.4411,False
CivilianCupboard_Medium,2,4,CivilianCupboard,LIT_RecipesLootable_All,0.06,190.68999999947846,0.0315,False
CivilianCupboard_Medium,2,4,CivilianCupboard,LIT_GlobalItems_05_Legendary,0.1,190.68999999947846,0.0524,False
CivilianCupboard_Medium,2,4,CivilianCupboard,LIT_GlobalItems_04_Epic,1.0,190.68999999947846,0.5244,False
CivilianCupboard_Medium,2,4,CivilianCupboard,LIT_GlobalItems_03_Rare,1.5,190.68999999947846,0.7866,False
CivilianCupboard_Medium,2,4,CivilianCupboard,LIT_GlobalItems_02_Uncommon,3.0,190.68999999947846,1.5732,False
CivilianCupboard_Medium,2,4,CivilianCupboard,LIT_GlobalItems_01_Common,5.0,190.68999999947846,2.6221,False
CivilianCupboard_Medium,2,4,CivilianCupboard,LIT_Food_All,40.0,190.68999999947846,20.9765,False
CivilianCupboard_Medium,2,4,CivilianCupboard,LIT_Drinks_All,40.0,190.68999999947846,20.9765,False
CivilianCupboard_Medium,2,4,CivilianCupboard,LIT_Cosmetics_All,0.03,190.68999999947846,0.0157,False
CivilianCupboard_Medium,2,4,CivilianCupboard,LIT_CivilianCupboard,100.0,190.68999999947846,52.4411,False
CivilianCupboard_Large,3,5,CivilianCupboard,LIT_RecipesLootable_All,0.06,190.68999999947846,0.0315,False
CivilianCupboard_Large,3,5,CivilianCupboard,LIT_GlobalItems_05_Legendary,0.1,190.68999999947846,0.0524,False
CivilianCupboard_Large,3,5,CivilianCupboard,LIT_GlobalItems_04_Epic,1.0,190.68999999947846,0.5244,False
CivilianCupboard_Large,3,5,CivilianCupboard,LIT_GlobalItems_03_Rare,1.5,190.68999999947846,0.7866,False
CivilianCupboard_Large,3,5,CivilianCupboard,LIT_GlobalItems_02_Uncommon,3.0,190.68999999947846,1.5732,False
CivilianCupboard_Large,3,5,CivilianCupboard,LIT_GlobalItems_01_Common,5.0,190.68999999947846,2.6221,False
CivilianCupboard_Large,3,5,CivilianCupboard,LIT_Food_All,40.0,190.68999999947846,20.9765,False
CivilianCupboard_Large,3,5,CivilianCupboard,LIT_Drinks_All,40.0,190.68999999947846,20.9765,False
CivilianCupboard_Large,3,5,CivilianCupboard,LIT_Cosmetics_All,0.03,190.68999999947846,0.0157,False
CivilianCupboard_Large,3,5,CivilianCupboard,LIT_CivilianCupboard,100.0,190.68999999947846,52.4411,False
CivilianCupboardDresser_Small,1,2,CivilianCupboardDresser,LIT_RecipesLootable_All,0.06,250.68999999947846,0.0239,False
CivilianCupboardDresser_Small,1,2,CivilianCupboardDresser,LIT_GlobalItems_05_Legendary,0.1,250.68999999947846,0.0399,False
CivilianCupboardDresser_Small,1,2,CivilianCupboardDresser,LIT_GlobalItems_04_Epic,1.0,250.68999999947846,0.3989,False
CivilianCupboardDresser_Small,1,2,CivilianCupboardDresser,LIT_GlobalItems_03_Rare,1.5,250.68999999947846,0.5983,False
CivilianCupboardDresser_Small,1,2,CivilianCupboardDresser,LIT_GlobalItems_02_Uncommon,3.0,250.68999999947846,1.1967,False
CivilianCupboardDresser_Small,1,2,CivilianCupboardDresser,LIT_GlobalItems_01_Common,5.0,250.68999999947846,1.9945,False
CivilianCupboardDresser_Small,1,2,CivilianCupboardDresser,LIT_Food_All,40.0,250.68999999947846,15.956,False
CivilianCupboardDresser_Small,1,2,CivilianCupboardDresser,LIT_Drinks_All,40.0,250.68999999947846,15.956,False
CivilianCupboardDresser_Small,1,2,CivilianCupboardDresser,LIT_Cosmetics_All,0.03,250.68999999947846,0.012,False
CivilianCupboardDresser_Small,1,2,CivilianCupboardDresser,LIT_CivilianDresser,80.0,250.68999999947846,31.9119,False
CivilianCupboardDresser_Small,1,2,CivilianCupboardDresser,LIT_CivilianCupboard,80.0,250.68999999947846,31.9119,False
ChinawareCupboard_Small,1,2,Chinaware,LIT_RecipesLootable_All,0.06,99.99999984540045,0.06,False
ChinawareCupboard_Small,1,2,Chinaware,LIT_HighClassCiv,5.0,99.99999984540045,5.0,False
ChinawareCupboard_Small,1,2,Chinaware,LIT_Cosmetics_All,0.03,99.99999984540045,0.03,False
ChinawareCupboard_Small,1,2,Chinaware,LIT_CivilianCupboard,19.91,99.99999984540045,19.91,False
ChinawareCupboard_Small,1,2,Chinaware,LIT_Chinaware,75.0,99.99999984540045,75.0,False
ChickenCoop,1,3,ChickenCoop,LIT_GlobalItems_05_Legendary,0.1,1631.1000000014901,0.0061,False
ChickenCoop,1,3,ChickenCoop,LIT_GlobalItems_04_Epic,1.0,1631.1000000014901,0.0613,False
ChickenCoop,1,3,ChickenCoop,LIT_GlobalItems_03_Rare,5.0,1631.1000000014901,0.3065,False
ChickenCoop,1,3,ChickenCoop,LIT_GlobalItems_02_Uncommon,25.0,1631.1000000014901,1.5327,False
ChickenCoop,1,3,ChickenCoop,LIT_GlobalItems_01_Common,100.0,1631.1000000014901,6.1308,False
ChickenCoop,1,3,ChickenCoop,LIT_ChickenCoop,1500.0,1631.1000000014901,91.9625,False
Chest_Valuable_Small,1,2,Global_REL,LIT_RecipesLootable_All,0.06,16.18999999947846,0.3706,False
Chest_Valuable_Small,1,2,Global_REL,LIT_GlobalItems_05_Legendary,0.1,16.18999999947846,0.6177,False
Chest_Valuable_Small,1,2,Global_REL,LIT_GlobalItems_04_Epic,1.0,16.18999999947846,6.1767,False
Chest_Valuable_Small,1,2,Global_REL,LIT_GlobalItems_03_Rare,5.0,16.18999999947846,30.8833,False
Chest_Valuable_Small,1,2,Global_REL,LIT_GlobalItems_02_Uncommon,10.0,16.18999999947846,61.7665,False
Chest_Valuable_Small,1,2,Global_REL,LIT_Cosmetics_All,0.03,16.18999999947846,0.1853,False
Chest_Valuable_Medium,2,4,Global_REL,LIT_RecipesLootable_All,0.06,16.18999999947846,0.3706,False
Chest_Valuable_Medium,2,4,Global_REL,LIT_GlobalItems_05_Legendary,0.1,16.18999999947846,0.6177,False
Chest_Valuable_Medium,2,4,Global_REL,LIT_GlobalItems_04_Epic,1.0,16.18999999947846,6.1767,False
Chest_Valuable_Medium,2,4,Global_REL,LIT_GlobalItems_03_Rare,5.0,16.18999999947846,30.8833,False
Chest_Valuable_Medium,2,4,Global_REL,LIT_GlobalItems_02_Uncommon,10.0,16.18999999947846,61.7665,False
Chest_Valuable_Medium,2,4,Global_REL,LIT_Cosmetics_All,0.03,16.18999999947846,0.1853,False
Chest_Valuable_Large,3,6,Global_REL,LIT_RecipesLootable_All,0.06,16.18999999947846,0.3706,False
Chest_Valuable_Large,3,6,Global_REL,LIT_GlobalItems_05_Legendary,0.1,16.18999999947846,0.6177,False
Chest_Valuable_Large,3,6,Global_REL,LIT_GlobalItems_04_Epic,1.0,16.18999999947846,6.1767,False
Chest_Valuable_Large,3,6,Global_REL,LIT_GlobalItems_03_Rare,5.0,16.18999999947846,30.8833,False
Chest_Valuable_Large,3,6,Global_REL,LIT_GlobalItems_02_Uncommon,10.0,16.18999999947846,61.7665,False
Chest_Valuable_Large,3,6,Global_REL,LIT_Cosmetics_All,0.03,16.18999999947846,0.1853,False
Chest_Global_Small,1,2,Global,LIT_RecipesLootable_All,0.04,131.160000000149,0.0305,False
Chest_Global_Small,1,2,Global,LIT_GlobalItems_05_Legendary,0.1,131.160000000149,0.0762,False
Chest_Global_Small,1,2,Global,LIT_GlobalItems_04_Epic,1.0,131.160000000149,0.7624,False
Chest_Global_Small,1,2,Global,LIT_GlobalItems_03_Rare,5.0,131.160000000149,3.8121,False
Chest_Global_Small,1,2,Global,LIT_GlobalItems_02_Uncommon,25.0,131.160000000149,19.0607,False
Chest_Global_Small,1,2,Global,LIT_GlobalItems_01_Common,100.0,131.160000000149,76.2428,False
Chest_Global_Small,1,2,Global,LIT_Cosmetics_All,0.02,131.160000000149,0.0152,False
Chest_Global_Medium,2,4,Global,LIT_RecipesLootable_All,0.04,131.160000000149,0.0305,False
Chest_Global_Medium,2,4,Global,LIT_GlobalItems_05_Legendary,0.1,131.160000000149,0.0762,False
Chest_Global_Medium,2,4,Global,LIT_GlobalItems_04_Epic,1.0,131.160000000149,0.7624,False
Chest_Global_Medium,2,4,Global,LIT_GlobalItems_03_Rare,5.0,131.160000000149,3.8121,False
Chest_Global_Medium,2,4,Global,LIT_GlobalItems_02_Uncommon,25.0,131.160000000149,19.0607,False
Chest_Global_Medium,2,4,Global,LIT_GlobalItems_01_Common,100.0,131.160000000149,76.2428,False
Chest_Global_Medium,2,4,Global,LIT_Cosmetics_All,0.02,131.160000000149,0.0152,False
Chest_Global_Large,3,6,Global,LIT_RecipesLootable_All,0.04,131.160000000149,0.0305,False
Chest_Global_Large,3,6,Global,LIT_GlobalItems_05_Legendary,0.1,131.160000000149,0.0762,False
Chest_Global_Large,3,6,Global,LIT_GlobalItems_04_Epic,1.0,131.160000000149,0.7624,False
Chest_Global_Large,3,6,Global,LIT_GlobalItems_03_Rare,5.0,131.160000000149,3.8121,False
Chest_Global_Large,3,6,Global,LIT_GlobalItems_02_Uncommon,25.0,131.160000000149,19.0607,False
Chest_Global_Large,3,6,Global,LIT_GlobalItems_01_Common,100.0,131.160000000149,76.2428,False
Chest_Global_Large,3,6,Global,LIT_Cosmetics_All,0.02,131.160000000149,0.0152,False
BullionBox,1,2,BullionBox,LIT_RecipesLootable_All,0.06,106.08999999798834,0.0566,False
BullionBox,1,2,BullionBox,LIT_GlobalItems_05_Legendary,1.0,106.08999999798834,0.9426,False
BullionBox,1,2,BullionBox,LIT_GlobalItems_04_Epic,5.0,106.08999999798834,4.713,False
BullionBox,1,2,BullionBox,LIT_Cosmetics_All,0.03,106.08999999798834,0.0283,False
BullionBox,1,2,BullionBox,LIT_BullionBox,100.0,106.08999999798834,94.2596,False
Blacksmith_Medium,2,4,Blacksmith,LIT_Workbench,50.0,105.00999999977648,47.6145,False
Blacksmith_Medium,2,4,Blacksmith,LIT_Tools_All,25.0,105.00999999977648,23.8073,False
Blacksmith_Medium,2,4,Blacksmith,LIT_Cosmetics_Weapon_Melee,0.01,105.00999999977648,0.0095,False
Blacksmith_Medium,2,4,Blacksmith,LIT_Ammunition_All,10.0,105.00999999977648,9.5229,False
Blacksmith_Medium,2,4,Blacksmith,LIT_2HMelee_All,10.0,105.00999999977648,9.5229,False
Blacksmith_Medium,2,4,Blacksmith,LIT_1HMelee_All,10.0,105.00999999977648,9.5229,False
Beehive,1,2,Beehive,LIT_GlobalItems_05_Legendary,0.1,1431.1000000014901,0.007,False
Beehive,1,2,Beehive,LIT_GlobalItems_04_Epic,1.0,1431.1000000014901,0.0699,False
Beehive,1,2,Beehive,LIT_GlobalItems_03_Rare,5.0,1431.1000000014901,0.3494,False
Beehive,1,2,Beehive,LIT_GlobalItems_02_Uncommon,25.0,1431.1000000014901,1.7469,False
Beehive,1,2,Beehive,LIT_GlobalItems_01_Common,100.0,1431.1000000014901,6.9876,False
Beehive,1,2,Beehive,LIT_Beehive,1300.0,1431.1000000014901,90.8392,False
Basket_Small,1,2,Baskets,LIT_GlobalItems_05_Legendary,0.1,2131.10000000149,0.0047,False
Basket_Small,1,2,Baskets,LIT_GlobalItems_04_Epic,1.0,2131.10000000149,0.0469,False
Basket_Small,1,2,Baskets,LIT_GlobalItems_03_Rare,5.0,2131.10000000149,0.2346,False
Basket_Small,1,2,Baskets,LIT_GlobalItems_02_Uncommon,25.0,2131.10000000149,1.1731,False
Basket_Small,1,2,Baskets,LIT_GlobalItems_01_Common,100.0,2131.10000000149,4.6924,False
Basket_Small,1,2,Baskets,LIT_Food_All,500.0,2131.10000000149,23.4621,False
Basket_Small,1,2,Baskets,LIT_Basket,1500.0,2131.10000000149,70.3862,False
Basket_Medium,2,3,Baskets,LIT_GlobalItems_05_Legendary,0.1,2131.10000000149,0.0047,False
Basket_Medium,2,3,Baskets,LIT_GlobalItems_04_Epic,1.0,2131.10000000149,0.0469,False
Basket_Medium,2,3,Baskets,LIT_GlobalItems_03_Rare,5.0,2131.10000000149,0.2346,False
Basket_Medium,2,3,Baskets,LIT_GlobalItems_02_Uncommon,25.0,2131.10000000149,1.1731,False
Basket_Medium,2,3,Baskets,LIT_GlobalItems_01_Common,100.0,2131.10000000149,4.6924,False
Basket_Medium,2,3,Baskets,LIT_Food_All,500.0,2131.10000000149,23.4621,False
Basket_Medium,2,3,Baskets,LIT_Basket,1500.0,2131.10000000149,70.3862,False
Basket_Large,3,5,Baskets,LIT_GlobalItems_05_Legendary,0.1,2131.10000000149,0.0047,False
Basket_Large,3,5,Baskets,LIT_GlobalItems_04_Epic,1.0,2131.10000000149,0.0469,False
Basket_Large,3,5,Baskets,LIT_GlobalItems_03_Rare,5.0,2131.10000000149,0.2346,False
Basket_Large,3,5,Baskets,LIT_GlobalItems_02_Uncommon,25.0,2131.10000000149,1.1731,False
Basket_Large,3,5,Baskets,LIT_GlobalItems_01_Common,100.0,2131.10000000149,4.6924,False
Basket_Large,3,5,Baskets,LIT_Food_All,500.0,2131.10000000149,23.4621,False
Basket_Large,3,5,Baskets,LIT_Basket,1500.0,2131.10000000149,70.3862,False
AshPile,1,3,AshPile,LIT_GlobalItems_05_Legendary,0.001,103.1110000013141,0.001,False
AshPile,1,3,AshPile,LIT_GlobalItems_04_Epic,0.01,103.1110000013141,0.0097,False
AshPile,1,3,AshPile,LIT_GlobalItems_03_Rare,0.1,103.1110000013141,0.097,False
AshPile,1,3,AshPile,LIT_GlobalItems_02_Uncommon,1.0,103.1110000013141,0.9698,False
AshPile,1,3,AshPile,LIT_GlobalItems_01_Common,2.0,103.1110000013141,1.9397,False
AshPile,1,3,AshPile,LIT_Ashpile,100.0,103.1110000013141,96.9829,False
Armor_UREL,1,1,Armor_UREL,LIT_Armor_Uncommon,25.0,31.100000001490116,80.3859,False
Armor_UREL,1,1,Armor_UREL,LIT_Armor_Rare,5.0,31.100000001490116,16.0772,False
Armor_UREL,1,1,Armor_UREL,LIT_Armor_Legendary,0.1,31.100000001490116,0.3215,False
Armor_UREL,1,1,Armor_UREL,LIT_Armor_Epic,1.0,31.100000001490116,3.2154,False
Armor_Medium,1,1,Armor,LIT_Armor_All,100.0,100.0,100.0,False
Amphora,1,2,Amphora,LIT_Liquids,100.0,110.0,90.9091,False
Amphora,1,2,Amphora,LIT_Drinks_All,10.0,110.0,9.0909,False
Amphora,1,2,Amphora,LIT_Distillery_01,0,110.0,0.0,False
Ammo_Small_Heavy,1,1,Ammunition_Heavy,LIT_Ammunition_Heavy,100.0,100.0,100.0,False
Ammo_Small_Crude,1,1,Ammunition_Crude,LIT_Ammunition_Common,100.0,100.0,100.0,False
Ammo_Small,1,1,Ammunition,LIT_Ammunition_Crafting,10.0,100.0,10.0,False
Ammo_Small,1,1,Ammunition,LIT_Ammunition_All,90.0,100.0,90.0,False
Ammo_Medium,1,2,Ammunition,LIT_Ammunition_Crafting,10.0,100.0,10.0,False
Ammo_Medium,1,2,Ammunition,LIT_Ammunition_All,90.0,100.0,90.0,False
Ammo_Large,1,3,Ammunition,LIT_Ammunition_Crafting,10.0,100.0,10.0,False
Ammo_Large,1,3,Ammunition,LIT_Ammunition_All,90.0,100.0,90.0,False
